{
  "as_of": "2026-01-23",
  "cagr": 0.22948366178164648,
  "sharpe": 1.240110230747825,
  "max_drawdown": -0.325547175111497,
  "win_rate": 0.6956521739130435,
  "total_return": 6.367498087938065
}