{
  "as_of": "2026-01-23",
  "expected_return": 0.0596441085738405,
  "volatility": 0.031070300944379917,
  "sharpe": 1.9196501727038822
}